,base_auc,base_brier,calibrated_auc,calibrated_brier
over_195,0.992843046202069,0.03182844986452698,0.992843046202069,0.016324234940274365
over_245,0.9939157541423067,0.025600019394890955,0.9939157541423067,0.009203029857905063
over_295,0.9943477500557162,0.016596601596748434,0.9943477500557162,0.004058106172170107
